{
  "MAD": {
    "ZAZ": 190.760897,
    "VLC": 219.965334,
    "BIO": 247.927029,
    "SLM": 131.730652,
    "VLL": 142.91533,
    "RGS": 150.993153
  },
  "LON": {
    "SOU": 68.0,
    "SEN": 74.0,
    "BOH": 94.0
  },
  "LGW": {
    "SEN": 63.0,
    "LTN": 69.0,
    "STN": 77.0,
    "SOU": 89.0
  },
  "LHR": {
    "STN": 64.0,
    "SOU": 66.0,
    "SEN": 77.0,
    "BOH": 91.0,
    "GLO": 100.0
  },
  "CHI": {
    "MKE": 88.0,
    "FWA": 178.0,
    "GRR": 190.0,
    "RFD": 89.0,
    "SBN": 99.0
  },
  "NYC": {
    "PHL": 115.0,
    "ACY": 126.0
  },
  "SFO": {
    "SMF": 103.0,
    "FAT": 196.0,
    "SCK": 82.0,
    "STS": 85.0
  },
  "WAS": {
    "BWI": 78.0,
    "RIC": 119.0,
    "MDT": 124.0,
    "HGR": 71.0,
    "CHO": 80.0
  },
  "DXB": {
    "AUH": 83.885085,
    "AAN": 93.20565,
    "AZI": 93.20565,
    "BDH": 94.448392,
    "OHS": 132.973394,
    "SXI": 68.972181,
    "FJR": 72.079036,
    "KHS": 136.70162,
    "RKT": 60.894358000000004
  },
  "DOH": {
    "HOF": 167.148799,
    "KIH": 174.605251,
    "LFM": 177.712106,
    "BDH": 221.82944700000002,
    "ZDY": 70.836294,
    "PGU": 163.420573,
    "SXI": 191.382268
  },
  "LOS": {
    "COO": 78.292746,
    "LFW": 167.77017,
    "IBA": 90.720166,
    "ILR": 170.877025,
    "BNI": 190.760897,
    "QRW": 251.033884,
    "AKR": 193.867752,
    "SVF": 229.285899,
    "ABB": 270.296385,
    "PKO": 280.238321
  }
}