{
  "MAD": {
    "ZAZ": 190.760897,
    "VLC": 219.965334,
    "BIO": 247.927029,
    "SLM": 131.730652,
    "VLL": 142.91533,
    "RGS": 150.993153
  },
  "LON": {
    "SOU": 68.0,
    "SEN": 74.0,
    "BOH": 94.0
  },
  "LGW": {
    "SEN": 63.0,
    "LTN": 69.0,
    "STN": 77.0,
    "SOU": 89.0
  },
  "LHR": {
    "STN": 64.0,
    "SOU": 66.0,
    "SEN": 77.0,
    "BOH": 91.0,
    "GLO": 100.0
  },
  "CHI": {
    "MKE": 88.0,
    "FWA": 178.0,
    "GRR": 190.0,
    "RFD": 89.0,
    "SBN": 99.0
  },
  "NYC": {
    "PHL": 115.0,
    "ACY": 126.0
  },
  "SFO": {
    "SMF": 103.0,
    "FAT": 196.0,
    "SCK": 82.0,
    "STS": 85.0
  }
}