{
  "MAD": {
    "ZAZ": 190.760897,
    "VLC": 219.965334,
    "BIO": 247.927029,
    "SLM": 131.730652,
    "VLL": 142.91533,
    "RGS": 150.993153
  },
  "LON": {
    "SOU": 68.0,
    "SEN": 74.0,
    "BOH": 94.0
  },
  "LGW": {
    "SEN": 63.0,
    "LTN": 69.0,
    "STN": 77.0,
    "SOU": 89.0
  },
  "LHR": {
    "STN": 64.0,
    "SOU": 66.0,
    "SEN": 77.0,
    "BOH": 91.0,
    "GLO": 100.0
  },
  "CHI": {
    "MKE": 88.0,
    "FWA": 178.0,
    "GRR": 190.0,
    "RFD": 89.0,
    "SBN": 99.0
  },
  "NYC": {
    "PHL": 115.0,
    "ACY": 126.0
  },
  "SFO": {
    "SMF": 103.0,
    "FAT": 196.0,
    "SCK": 82.0,
    "STS": 85.0
  },
  "WAS": {
    "BWI": 78.0,
    "RIC": 119.0,
    "MDT": 124.0,
    "HGR": 71.0,
    "CHO": 80.0
  },
  "DXB": {
    "AUH": 83.885085,
    "AAN": 93.20565,
    "AZI": 93.20565,
    "BDH": 94.448392,
    "OHS": 132.973394,
    "SXI": 68.972181,
    "FJR": 72.079036,
    "KHS": 136.70162,
    "RKT": 60.894358000000004
  },
  "DOH": {
    "HOF": 167.148799,
    "KIH": 174.605251,
    "LFM": 177.712106,
    "BDH": 221.82944700000002,
    "ZDY": 70.836294,
    "PGU": 163.420573,
    "SXI": 191.382268
  },
  "LOS": {
    "COO": 78.292746,
    "LFW": 167.77017,
    "IBA": 90.720166,
    "ILR": 170.877025,
    "BNI": 190.760897,
    "QRW": 251.033884,
    "AKR": 193.867752,
    "SVF": 229.285899,
    "ABB": 270.296385,
    "PKO": 280.238321
  },
  "YYZ": {
    "BUF": 105.01169900000001,
    "YXU": 105.01169900000001,
    "IAG": 83.26371400000001,
    "YBN": 65.865326,
    "YCM": 72.079036
  },
  "YTO": {
    "YKF": 62.758471,
    "BUF": 113.710893,
    "YXU": 118.06049,
    "YHM": 60.272987,
    "IAG": 93.827021
  },
  "DFW": {
    "AUS": 227.0,
    "IAH": 253.0,
    "SAT": 285.0,
    "TYR": 117.0,
    "ACT": 118.0,
    "SPS": 128.0,
    "GGG": 154.0,
    "LAW": 171.0,
    "GRK": 188.0
  },
  "MIA": {
    "BIM": 64.0,
    "PBI": 77.0,
    "FPO": 112.0,
    "RSW": 143.0,
    "EYW": 157.0,
    "APF": 126.0,
    "PGD": 172.0
  },
  "HAN": {
    "NNG": 290.0,
    "HPH": 135.0,
    "VDH": 143.0,
    "THD": 151.0,
    "WNH": 289.0,
    "DIN": 291.0,
    "SQH": 184.0,
    "VDO": 229.0
  },
  "PDX": {
    "SEA": 165.0,
    "LKE": 175.0,
    "YWH": 254.0,
    "FBS": 277.0,
    "EUG": 128.0,
    "RDM": 145.0,
    "BFI": 167.0,
    "YKM": 183.0
  },
  "HKG": {
    "CAN": 135.0,
    "ZUH": 65.0,
    "FUO": 121.0
  },
  "BOS": {}
}